model_name,url,url.1,model_description,params,model_size,updated_url
Huggingface-Cohere-Cohere-embed-english-light-v3.0,https://huggingface.co/Cohere/Cohere-embed-english-light-v3.0,https://huggingface.co/Cohere/Cohere-embed-english-light-v3.0,,,,https://huggingface.co/Cohere/Cohere-embed-english-light-v3.0
Huggingface-Cohere-Cohere-embed-english-v3.0,https://huggingface.co/Cohere/Cohere-embed-english-v3.0,https://huggingface.co/Cohere/Cohere-embed-english-v3.0,,,,https://huggingface.co/Cohere/Cohere-embed-english-v3.0
Huggingface-Cohere-Cohere-embed-multilingual-v3.0,https://huggingface.co/Cohere/Cohere-embed-multilingual-v3.0,https://huggingface.co/Cohere/Cohere-embed-multilingual-v3.0,,,,https://huggingface.co/Cohere/Cohere-embed-multilingual-v3.0
huggingface-EleutherAI-pythia-12b,https://huggingface.co/EleutherAI/pythia-12b,https://huggingface.co/EleutherAI/pythia-12b,text-generation,,,https://huggingface.co/EleutherAI/pythia-12b
huggingface-FinBERT,https://huggingface.co/ProsusAI/finbert,https://huggingface.co/ProsusAI/finbert/tree/main,text-classification,,,https://huggingface.co/ProsusAI/finbert
huggingface-Helsinki-NLP-opus-mt-en-es,https://huggingface.co/Helsinki-NLP/opus-mt-en-es,https://metatext.io/models/Helsinki-NLP-opus-mt-mul-en,translation,,,https://huggingface.co/Helsinki-NLP/opus-mt-en-es
huggingface-Qwen-Qwen2-0-Qwen-Qwen2-0.5B-Instruct,https://huggingface.co/Qwen/Qwen2-0.5B-Instruct,https://huggingface.co/Qwen/Qwen2-0.5B-Instruct,text-generation,,,https://huggingface.co/Qwen/Qwen2-0.5B-Instruct
huggingface-Qwen-Qwen2-1-Qwen-Qwen2-1.5B-Instruct,https://huggingface.co/Qwen/Qwen2-1.5B-Instruct,https://huggingface.co/Qwen/Qwen2-1.5B-Instruct,text-generation,,,https://huggingface.co/Qwen/Qwen2-1.5B-Instruct
huggingface-Roberta-finetuned-squad,https://huggingface.co/TimoImhof/roberta-finetuned-squad,https://huggingface.co/TimoImhof/roberta-finetuned-squad,question-answering,,,https://huggingface.co/TimoImhof/roberta-finetuned-squad
huggingface-albert-large-v2,https://huggingface.co/albert-large-v2,https://huggingface.co/albert-large-v2,fill-mask,,,https://huggingface.co/albert-large-v2
huggingface-allenai-led-base-16384,https://huggingface.co/allenai/led-base-16384,https://huggingface.co/allenai/led-base-16384,,,,https://huggingface.co/allenai/led-base-16384
huggingface-baai-bge-base-en-v1.5,https://huggingface.co/baai/bge-base-en-v1.5,https://huggingface.co/baai/bge-base-en-v1.5,feature-extraction,,,https://huggingface.co/baai/bge-base-en-v1.5
huggingface-baai-bge-base-en-v1.5,https://huggingface.co/baai/bge-base-en-v1.5,https://huggingface.co/baai/bge-base-en-v1.5,feature-extraction,,,https://huggingface.co/baai/bge-base-en-v1.5
huggingface-baai-bge-reranker-v2-m3,https://huggingface.co/BAAI/bge-reranker-v2-m3,https://huggingface.co/BAAI/bge-reranker-v2-m3,text-classification,,,https://huggingface.co/BAAI/bge-reranker-v2-m3
huggingface-baconnier-finance_embedding_large_en-V0.1,https://huggingface.co/bacoonier/finance_embedding_large_en-V0.1,https://huggingface.co/bacoonier/finance_embedding_large_en-V0.1,,,,https://huggingface.co/bacoonier/finance_embedding_large_en-V0.1
huggingface-bart-base,https://metatext.io/models/facebook-bart-base,https://metatext.io/models/facebook-bart-base,,,,
huggingface-bart-large-cnn,https://metatext.io/models/facebook-bart-large-cnn,https://metatext.io/models/facebook-bart-large-cnn,,,,
huggingface-bart-large-mnli,https://metatext.io/models/facebook-bart-large-mnli,https://metatext.io/models/facebook-bart-large-mnli,,,,
huggingface-bart_lfqa,https://haystack.deepset.ai/tutorials/12_lfqa,https://haystack.deepset.ai/tutorials/12_lfqa,,,,
huggingface-bert-base-cased,https://huggingface.co/bert-base-cased,https://huggingface.co/bert-base-cased,fill-mask,,,https://huggingface.co/bert-base-cased
huggingface-bert-base-uncased,https://huggingface.co/bert-base-uncased,https://huggingface.co/bert-base-uncased,fill-mask,,,https://huggingface.co/bert-base-uncased
huggingface-bert-large-cased-finetuned-conll03-english,https://huggingface.co/dbmdz/bert-large-cased-finetuned-conll03-english,https://huggingface.co/dbmdz/bert-large-cased-finetuned-conll03-english,token-classification,,,https://huggingface.co/dbmdz/bert-large-cased-finetuned-conll03-english
huggingface-bert-large-question-answering-finetuned-legal,https://huggingface.co/atharvamundada99/bert-large-question-answering-finetuned-legal/tree/main,https://huggingface.co/atharvamundada99/bert-large-question-answering-finetuned-legal/tree/main,question-answering,,,https://huggingface.co/atharvamundada99/bert-large-question-answering-finetuned-legal
huggingface-distilbert-base-cased-distilled-squad,https://huggingface.co/distilbert-base-cased-distilled-squad,https://huggingface.co/distilbert-base-cased-distilled-squad,question-answering,,,https://huggingface.co/distilbert-base-cased-distilled-squad
huggingface-distilbert-base-uncased-finetuned-sst-2-english,https://huggingface.co/distilbert-base-uncased-finetuned-sst-2-english,https://huggingface.co/distilbert-base-uncased-finetuned-sst-2-english,text-classification,,,https://huggingface.co/distilbert-base-uncased-finetuned-sst-2-english
huggingface-distilbert-base-uncased-mnli,https://huggingface.co/typeform/distilbert-base-uncased-mnli,https://huggingface.co/typeform/distilbert-base-uncased-mnli,zero-shot-classification,,,https://huggingface.co/typeform/distilbert-base-uncased-mnli
huggingface-electra-small-discriminator,https://sparknlp.org/2022/06/22/electra_qa_hankzhong_small_discriminator_finetuned_squad_en_3_0.html,https://sparknlp.org/2022/06/22/electra_qa_hankzhong_small_discriminator_finetuned_squad_en_3_0.html,,,,
huggingface-google-bert_uncased_L-12_h-768_A-12,https://huggingface.co/google/bert_uncased_L-12_H-768_A-12,https://huggingface.co/google/bert_uncased_L-12_H-768_A-12,,,,https://huggingface.co/google/bert_uncased_L-12_H-768_A-12
huggingface-google-flan-t5-base,https://huggingface.co/google/flan-t5-base,https://huggingface.co/google/flan-t5-base,,,,https://huggingface.co/google/flan-t5-base
huggingface-google-flan-t5-large,https://huggingface.co/google/flan-t5-large,https://huggingface.co/google/flan-t5-large,,,,https://huggingface.co/google/flan-t5-large
huggingface-google-flan-t5-xl,https://huggingface.co/google/flan-t5-xl,https://huggingface.co/google/flan-t5-xl,,,,https://huggingface.co/google/flan-t5-xl
huggingface-google-flan-t5-xxl,https://huggingface.co/google/flan-t5-xxl,https://huggingface.co/google/flan-t5-xxl,,,,https://huggingface.co/google/flan-t5-xxl
huggingface-google-long-t5-local-base,https://huggingface.co/google/long-t5-local-base,https://huggingface.co/google/long-t5-local-base,,,,https://huggingface.co/google/long-t5-local-base
huggingface-google-long-t5-local-large,https://huggingface.co/google/long-t5-local-large,https://huggingface.co/google/long-t5-local-large,,,,https://huggingface.co/google/long-t5-local-large
huggingface-google-long-t5-tglobal-base,https://huggingface.co/google/long-t5-tglobal-base,https://huggingface.co/google/long-t5-tglobal-base,,,,https://huggingface.co/google/long-t5-tglobal-base
huggingface-google-long-t5-tglobal-large,https://huggingface.co/google/long-t5-tglobal-large,https://huggingface.co/google/long-t5-tglobal-large,,,,https://huggingface.co/google/long-t5-tglobal-large
huggingface-gpt2tokenizer,https://www.programcreek.com/python/example/119980/transformers.GPT2Tokenizer.from_pretrained,https://www.programcreek.com/python/example/119980/transformers.GPT2Tokenizer.from_pretrained,,,,
huggingface-intfloat-e5-base,https://huggingface.co/intfloat/e5-base,https://huggingface.co/intfloat/e5-base,sentence-similarity,,,https://huggingface.co/intfloat/e5-base
huggingface-intfloat-multilingual-e5-large-instruct,https://huggingface.co/intfloat/multilingual-e5-large-instruct,https://huggingface.co/intfloat/multilingual-e5-large-instruct,feature-extraction,,,https://huggingface.co/intfloat/multilingual-e5-large-instruct
huggingface-mcgill-nlp-llm2vec-meta-llama-3-8b-instruct-mntp-supervised,https://huggingface.co/McGill-NLP/LLM2Vec-Meta-Llama-3-8B-Instruct-mntp-supervised,https://huggingface.co/McGill-NLP/LLM2Vec-Meta-Llama-3-8B-Instruct-mntp-supervised,sentence-similarity,,,https://huggingface.co/McGill-NLP/LLM2Vec-Meta-Llama-3-8B-Instruct-mntp-supervised
huggingface-microsoft-Phi-3-mini-128k-instruct,,,,,,
huggingface-microsoft-Phi-3-vision-128k-instruct-onnx-cpu,https://huggingface.co/microsoft/Phi-3-vision-128k-instruct-onnx-cpu,https://huggingface.co/microsoft/Phi-3-vision-128k-instruct-onnx-cpu,text-generation,,,https://huggingface.co/microsoft/Phi-3-vision-128k-instruct-onnx-cpu
huggingface-microsoft-trocr-base-handwritten,https://huggingface.co/microsoft/trocr-base-handwritten,https://huggingface.co/microsoft/trocr-base-handwritten,image-to-text,,,https://huggingface.co/microsoft/trocr-base-handwritten
huggingface-microsoft-trocr-base-printed,https://www.microsoft.com/en-us/research/publication/trocr-transformer-based-optical-character-recognition-with-pre-trained-models/,https://www.microsoft.com/en-us/research/publication/trocr-transformer-based-optical-character-recognition-with-pre-trained-models/,,,,
huggingface-microsoft-trocr-large-handwritten,https://huggingface.co/microsoft/trocr-large-handwritten,https://huggingface.co/microsoft/trocr-large-handwritten,image-to-text,,,https://huggingface.co/microsoft/trocr-large-handwritten
huggingface-microsoft-trocr-large-printed,https://huggingface.co/microsoft/trocr-large-printed/tree/main,https://huggingface.co/microsoft/trocr-large-printed/tree/main,image-to-text,,,https://huggingface.co/microsoft/trocr-large-printed
huggingface-microsoft-trocr-small-handwritten,https://huggingface.co/microsoft/trocr-small-handwritten/tree/main,https://huggingface.co/microsoft/trocr-small-handwritten/tree/main,image-to-text,,,https://huggingface.co/microsoft/trocr-small-handwritten
huggingface-microsoft-trocr-small-printed,https://huggingface.co/microsoft/trocr-small-printed/tree/main,https://huggingface.co/microsoft/trocr-small-printed/tree/main,image-to-text,,,https://huggingface.co/microsoft/trocr-small-printed
huggingface-mistralai-Mistral-7B-Instruct-v0.2 apache-2,,,,,,
huggingface-mistralai-Mistral-7B-Instruct-v0.3,https://huggingface.co/mistralai/Mistral-7B-Instruct-v0.3,https://huggingface.co/mistralai/Mistral-7B-Instruct-v0.3,,,,https://huggingface.co/mistralai/Mistral-7B-Instruct-v0.3
huggingface-mistralai-Mixtral-8x22B-Instruct-v0.1,https://huggingface.co/mistralai/Mixtral-8x22B-Instruct-v0.1,https://huggingface.co/mistralai/Mixtral-8x22B-Instruct-v0.1,,,,https://huggingface.co/mistralai/Mixtral-8x22B-Instruct-v0.1
huggingface-mistralai-Pixtral-12B-2409,https://huggingface.co/mistralai/Pixtral-12B-2409,https://huggingface.co/mistralai/Pixtral-12B-2409,,,,https://huggingface.co/mistralai/Pixtral-12B-2409
huggingface-naver-clova-ix-donut-base,https://huggingface.co/naver-clova-ix/donut-base,https://huggingface.co/naver-clova-ix/donut-base,image-to-text,,,https://huggingface.co/naver-clova-ix/donut-base
huggingface-naver-clova-ix-donut-base-finetuned-docvqa,,,,,,
huggingface-nltk_data,https://github.com/nltk/nltk_data,https://github.com/nltk/nltk_data,,,,
huggingface-nomic-ai-nomic-embed-text-v1.5,https://huggingface.co/nomic-embed-text-v1.5,https://huggingface.co/nomic-embed-text-v1.5,,,,https://huggingface.co/nomic-embed-text-v1.5
huggingface-nvidia-mistral-nemo-12B-instruct,https://huggingface.co/nvidia/Mistral-NeMo-12B-Instruct,https://huggingface.co/nvidia/Mistral-NeMo-12B-Instruct,,,,https://huggingface.co/nvidia/Mistral-NeMo-12B-Instruct
huggingface-paraphrase-distilroberta-base-v1,https://metatext.io/models/sentence-transformers-paraphrase-distilroberta-base-v1,https://metatext.io/models/sentence-transformers-paraphrase-distilroberta-base-v1,,,,
huggingface-pegasus-large,https://metatext.io/models/google-pegasus-large,https://metatext.io/models/google-pegasus-large,,,,
huggingface-pegasus-xsum,https://huggingface.co/google/pegasus-xsum,https://huggingface.co/google/pegasus-xsum,summarization,,,https://huggingface.co/google/pegasus-xsum
huggingface-pegasustokenizer,https://programtalk.com/python-more-examples/transformers.PegasusTokenizer.from_pretrained/,https://programtalk.com/python-more-examples/transformers.PegasusTokenizer.from_pretrained/,,,,
huggingface-sentence-transformers-all-MiniLM-L6-v2,https://huggingface.co/sentence-transformers/all-MiniLM-L6-v2,https://huggingface.co/sentence-transformers/all-MiniLM-L6-v2,sentence-similarity,,,https://huggingface.co/sentence-transformers/all-MiniLM-L6-v2
huggingface-sshleifer-distilbart-cnn-12-6,https://huggingface.co/sshleifer/distilbart-cnn-12-6,https://huggingface.co/sshleifer/distilbart-cnn-12-6,summarization,,,https://huggingface.co/sshleifer/distilbart-cnn-12-6
huggingface-sshleifer-distilbart-cnn-12-6,,,,,,
,,,,,,
huggingface-nltk_data,https://github.com/nltk/nltk_data,https://github.com/nltk/nltk_data,,,,
huggingface-nomic-ai-nomic-embed-text-v1.5,https://huggingface.co/nomic-embed-text-v1.5,https://huggingface.co/nomic-embed-text-v1.5,,,,https://huggingface.co/nomic-embed-text-v1.5
huggingface-nvidia-mistral-nemo-12B-instruct,https://huggingface.co/nvidia/Mistral-NeMo-12B-Instruct,https://huggingface.co/nvidia/Mistral-NeMo-12B-Instruct,,,,https://huggingface.co/nvidia/Mistral-NeMo-12B-Instruct
huggingface-paraphrase-distilroberta-base-v1,https://metatext.io/models/sentence-transformers-paraphrase-distilroberta-base-v1,https://metatext.io/models/sentence-transformers-paraphrase-distilroberta-base-v1,,,,
huggingface-pegasus-large,https://metatext.io/models/google-pegasus-large,https://metatext.io/models/google-pegasus-large,,,,
huggingface-pegasus-xsum,https://huggingface.co/google/pegasus-xsum,https://huggingface.co/google/pegasus-xsum,summarization,,,https://huggingface.co/google/pegasus-xsum
huggingface-pegasustokenizer,https://programtalk.com/python-more-examples/transformers.PegasusTokenizer.from_pretrained/,https://programtalk.com/python-more-examples/transformers.PegasusTokenizer.from_pretrained/,,,,
huggingface-sentence-transformers-all-MiniLM-L6-v2,https://huggingface.co/sentence-transformers/all-MiniLM-L6-v2,https://huggingface.co/sentence-transformers/all-MiniLM-L6-v2,sentence-similarity,,,https://huggingface.co/sentence-transformers/all-MiniLM-L6-v2
huggingface-sshleifer-distilbart-cnn-12-6,https://huggingface.co/sshleifer/distilbart-cnn-12-6,https://huggingface.co/sshleifer/distilbart-cnn-12-6,summarization,,,https://huggingface.co/sshleifer/distilbart-cnn-12-6
huggingface-sshleifer-distilbart-cnn-12-6,https://metatext.io/models/sshleifer-distilbart-cnn-12-6,https://metatext.io/models/sshleifer-distilbart-cnn-12-6,,,,
huggingface-t5tokenizer,https://huggingface.co/docs/transformers/model_doc/t5,https://huggingface.co/docs/transformers/model_doc/t5,,,,https://huggingface.co/docs/transformers
huggingface-tiiuae-falcon-40b,https://huggingface.co/tiiuae/falcon-40b,https://huggingface.co/tiiuae/falcon-40b,,,,https://huggingface.co/tiiuae/falcon-40b
huggingface-tiiuae-falcon-7b,https://huggingface.co/tiiuae/falcon-7b,https://huggingface.co/tiiuae/falcon-7b,,,,https://huggingface.co/tiiuae/falcon-7b
huggingface-uncased_L-24_H-1024_A-16,https://tfhub.dev/google/bert_uncased_L-24_H-1024_A-16/1,https://tfhub.dev/google/bert_uncased_L-24_H-1024_A-16/1,,,,
huggingface-universal-sentence-encoder_4,https://huggingface.co/vprelovac/universal-sentence-encoder-4,https://huggingface.co/vprelovac/universal-sentence-encoder-4,,,,https://huggingface.co/vprelovac/universal-sentence-encoder-4
huggingface-voyageai-voyage-lite-02-instruct,https://huggingface.co/voyageai/voyage-lite-02-instruct,https://huggingface.co/voyageai/voyage-lite-02-instruct,,,,https://huggingface.co/voyageai/voyage-lite-02-instruct
huggingface-xlnet-base-cased,https://huggingface.co/xlnet-base-cased,https://huggingface.co/xlnet-base-cased,text-generation,,,https://huggingface.co/xlnet-base-cased
huggingface-yiyanghkust-finbert-pretrain,https://huggingface.co/yiyanghkust/finbert-pretrain/tree/main,https://huggingface.co/yiyanghkust/finbert-pretrain/tree/main,fill-mask,,,https://huggingface.co/yiyanghkust/finbert-pretrain
huggingface-yiyanghkust-finbert-pretrain,https://huggingface.co/yiyanghkust/finbert-pretrain,https://huggingface.co/yiyanghkust/finbert-pretrain,fill-mask,,,https://huggingface.co/yiyanghkust/finbert-pretrain
huggingface-urchade-gliner_large-v2.1,https://huggingface.co/urchade/gliner_large-v2.1,https://huggingface.co/urchade/gliner_large-v2.1,token-classification,,,https://huggingface.co/urchade/gliner_large-v2.1
huggingface-urchade-gliner_multi_pii-v1,https://huggingface.co/urchade/gliner_multi_pii-v1,https://huggingface.co/urchade/gliner_multi_pii-v1,token-classification,,,https://huggingface.co/urchade/gliner_multi_pii-v1
huggingface-ahmet1338-finetuned_embedder,https://huggingface.co/ahmet1338/finetuned_embedder,https://huggingface.co/ahmet1338/finetuned_embedder,sentence-similarity,,,https://huggingface.co/ahmet1338/finetuned_embedder
huggingface-albert-large-v2,https://huggingface.co/albert-large-v2,https://huggingface.co/albert-large-v2,fill-mask,,,https://huggingface.co/albert-large-v2
huggingface-alibaba-nlp-gte-base-en-v1.5,https://huggingface.co/alibaba-nlp/gte-base-en-v1.5,https://huggingface.co/alibaba-nlp/gte-base-en-v1.5,sentence-similarity,,,https://huggingface.co/alibaba-nlp/gte-base-en-v1.5
huggingface-allenai-led-base-16384,https://huggingface.co/allenai/led-base-16384,https://huggingface.co/allenai/led-base-16384,,,,https://huggingface.co/allenai/led-base-16384
huggingface-allenai-specter,https://huggingface.co/allenai/specter,https://huggingface.co/allenai/specter,feature-extraction,,,https://huggingface.co/allenai/specter
huggingface-all-mpnet-base-v2 default,,,,,,
huggingface-andersonbcdefg-bge-small-4096,https://huggingface.co/andersonbcdefg/bge-small-4096,https://huggingface.co/andersonbcdefg/bge-small-4096,feature-extraction,,,https://huggingface.co/andersonbcdefg/bge-small-4096
huggingface-answerdotai-ModernBERT-base,https://huggingface.co/answerdotai/ModernBERT-base,https://huggingface.co/answerdotai/ModernBERT-base,fill-mask,,,https://huggingface.co/answerdotai/ModernBERT-base
huggingface-answerdotai-ModernBERT-large,https://huggingface.co/answerdotai/ModernBERT-large,https://huggingface.co/answerdotai/ModernBERT-large,fill-mask,,,https://huggingface.co/answerdotai/ModernBERT-large
Huggingface-avsolatorio-GIST-all-MiniLM-L6-v2,https://huggingface.co/avsolatorio/GIST-all-MiniLM-L6-v2,https://huggingface.co/avsolatorio/GIST-all-MiniLM-L6-v2,sentence-similarity,,,https://huggingface.co/avsolatorio/GIST-all-MiniLM-L6-v2
Huggingface-avsolatorio-GIST-Embedding-v0,https://huggingface.co/avsolatorio/GIST-Embedding-v0,https://huggingface.co/avsolatorio/GIST-Embedding-v0,sentence-similarity,,,https://huggingface.co/avsolatorio/GIST-Embedding-v0
Huggingface-avsolatorio-GIST-large-Embedding-v0,https://huggingface.co/avsolatorio/GIST-large-Embedding-v0,https://huggingface.co/avsolatorio/GIST-large-Embedding-v0,sentence-similarity,,,https://huggingface.co/avsolatorio/GIST-large-Embedding-v0
Huggingface-avsolatorio-GIST-small-Embedding-v0,https://huggingface.co/avsolatorio/GIST-small-Embedding-v0,https://huggingface.co/avsolatorio/GIST-small-Embedding-v0,sentence-similarity,,,https://huggingface.co/avsolatorio/GIST-small-Embedding-v0
huggingface-avsolatorio-NoInstruct-small-Embedding-v0,https://huggingface.co/avsolatorio/NoInstruct-small-Embedding-v0,https://huggingface.co/avsolatorio/NoInstruct-small-Embedding-v0,sentence-similarity,,,https://huggingface.co/avsolatorio/NoInstruct-small-Embedding-v0
huggingface-baai-bge-base-en-v1.5,https://huggingface.co/baai/bge-base-en-v1.5,https://huggingface.co/baai/bge-base-en-v1.5,feature-extraction,,,https://huggingface.co/baai/bge-base-en-v1.5
huggingface-baai-bge-large-en-v1.5,https://huggingface.co/baai/bge-large-en-v1.5,https://huggingface.co/baai/bge-large-en-v1.5,feature-extraction,,,https://huggingface.co/baai/bge-large-en-v1.5
huggingface-BAAI-bge-m3,,,,,,
huggingface-BAAI-bge-reranker-large,https://huggingface.co/baai/bge-reranker-large,https://huggingface.co/baai/bge-reranker-large,feature-extraction,,,https://huggingface.co/baai/bge-reranker-large
huggingface-baai-bge-reranker-v2-m3,https://huggingface.co/BAAI/bge-reranker-v2-m3,https://huggingface.co/BAAI/bge-reranker-v2-m3,text-classification,,,https://huggingface.co/BAAI/bge-reranker-v2-m3
huggingface-baai-bge-small-en-v1.5,https://huggingface.co/baai/bge-small-en-v1.5,https://huggingface.co/baai/bge-small-en-v1.5,feature-extraction,,,https://huggingface.co/baai/bge-small-en-v1.5
huggingface-baconnier-finance_embedding_large_en-V0.1,https://huggingface.co/bacoonier/finance_embedding_large_en-V0.1,https://huggingface.co/bacoonier/finance_embedding_large_en-V0.1,,,,https://huggingface.co/bacoonier/finance_embedding_large_en-V0.1
huggingface-bart_lfqa,,,,,,
huggingface-bart-base,,,,,,
huggingface-bart-large-cnn,,,,,,
huggingface-bart-large-mnli,,,,,,
huggingface-bartowski-llama-3-8B-Instruct-Gradient-1048K-exl2,https://huggingface.co/bartowski/Llama-3-8B-Instruct-Gradient-1048k-exl2,https://huggingface.co/bartowski/Llama-3-8B-Instruct-Gradient-1048k-exl2,text-generation,,,https://huggingface.co/bartowski/Llama-3-8B-Instruct-Gradient-1048k-exl2
huggingface-bert-base-cased,https://huggingface.co/bert-base-cased,https://huggingface.co/bert-base-cased,fill-mask,,,https://huggingface.co/bert-base-cased
huggingface-bert-base-uncased,https://huggingface.co/bert-base-uncased,https://huggingface.co/bert-base-uncased,fill-mask,,,https://huggingface.co/bert-base-uncased
huggingface-bert-large-question-answering-finetuned-legal,https://huggingface.co/atharvamundada99/bert-large-question-answering-finetuned-legal/tree/main,https://huggingface.co/atharvamundada99/bert-large-question-answering-finetuned-legal/tree/main,question-answering,,,https://huggingface.co/atharvamundada99/bert-large-question-answering-finetuned-legal
huggingface-bigscience-bloom-1b7,,,,,,
huggingface-bigscience-bloom-3b,,,,,,
huggingface-bigscience-bloom-560m,,,,,,
huggingface-bigscience-bloom-7b1,,,,,,
huggingface-bigscience-bloomz-3b,,,,,,
huggingface-bigscience-sgpt-bloom-7b1-msmarco,https://huggingface.co/bigscience/sgpt-bloom-7b1-msmarco,https://huggingface.co/bigscience/sgpt-bloom-7b1-msmarco,sentence-similarity,,,https://huggingface.co/bigscience/sgpt-bloom-7b1-msmarco
huggingface-clibrain-mamba-2.8b-instruct-openhermes,,,,,,
huggingface-codebert-base,https://huggingface.co/microsoft/codebert-base,https://huggingface.co/microsoft/codebert-base,feature-extraction,,,https://huggingface.co/microsoft/codebert-base
huggingface-codellama-codellama-7b-hf,https://huggingface.co/codellama/CodeLlama-7b-hfLink,https://huggingface.co/codellama/CodeLlama-7b-hfLink,,,,https://huggingface.co/codellama/CodeLlama-7b-hfLink
huggingface-codellama-codellama-7b-instruct-hf,,,,,,
Huggingface-Cohere-Cohere-embed-english-light-v3.0,https://huggingface.co/Cohere/Cohere-embed-english-light-v3.0,https://huggingface.co/Cohere/Cohere-embed-english-light-v3.0,,,,https://huggingface.co/Cohere/Cohere-embed-english-light-v3.0
Huggingface-Cohere-Cohere-embed-english-v3.0,https://huggingface.co/Cohere/Cohere-embed-english-v3.0,https://huggingface.co/Cohere/Cohere-embed-english-v3.0,,,,https://huggingface.co/Cohere/Cohere-embed-english-v3.0
Huggingface-Cohere-Cohere-embed-multilingual-light-v3.0,https://huggingface.co/Cohere/Cohere-embed-multilingual-light-v3.0,https://huggingface.co/Cohere/Cohere-embed-multilingual-light-v3.0,,,,https://huggingface.co/Cohere/Cohere-embed-multilingual-light-v3.0
Huggingface-Cohere-Cohere-embed-multilingual-v3.0,https://huggingface.co/Cohere/Cohere-embed-multilingual-v3.0,https://huggingface.co/Cohere/Cohere-embed-multilingual-v3.0,,,,https://huggingface.co/Cohere/Cohere-embed-multilingual-v3.0
huggingface-databricks-dbrx-base,https://huggingface.co/databricks/dbrx-base,https://huggingface.co/databricks/dbrx-base,,,,https://huggingface.co/databricks/dbrx-base
huggingface-databricks-dbrx-instruct,https://huggingface.co/databricks/dbrx-instruct,https://huggingface.co/databricks/dbrx-instruct,,,,https://huggingface.co/databricks/dbrx-instruct
huggingface-deepset-xlm-roberta-large-squad2,https://huggingface.co/deepset/xlm-roberta-large-squad2,https://huggingface.co/deepset/xlm-roberta-large-squad2,question-answering,,,https://huggingface.co/deepset/xlm-roberta-large-squad2
huggingface-distilbert-base-cased-distilled-squad,https://huggingface.co/distilbert-base-cased-distilled-squad,https://huggingface.co/distilbert-base-cased-distilled-squad,question-answering,,,https://huggingface.co/distilbert-base-cased-distilled-squad
huggingface-distilbert-base-uncased-finetuned-sst-2-english,https://huggingface.co/distilbert-base-uncased-finetuned-sst-2-english,https://huggingface.co/distilbert-base-uncased-finetuned-sst-2-english,text-classification,,,https://huggingface.co/distilbert-base-uncased-finetuned-sst-2-english
huggingface-distilbert-distilbert-base-uncased,https://huggingface.co/distilbert/distilbert-base-uncased,https://huggingface.co/distilbert/distilbert-base-uncased,fill-mask,,,https://huggingface.co/distilbert/distilbert-base-uncased
huggingface-distil-whisper-distil-large-v2,https://huggingface.co/distil-whisper/distil-large-v2,https://huggingface.co/distil-whisper/distil-large-v2,automatic-speech-recognition,,,https://huggingface.co/distil-whisper/distil-large-v2
huggingface-distil-whisper-distil-large-v3.5,https://huggingface.co/distil-whisper/distil-large-v3.5,https://huggingface.co/distil-whisper/distil-large-v3.5,automatic-speech-recognition,,,https://huggingface.co/distil-whisper/distil-large-v3.5
huggingface-dleemiller-word-llama-l2-supercat,https://huggingface.co/dleemiller/word-llama-l2-supercat/resolve/main/l2_supercat_tokenizer_config.json,https://huggingface.co/dleemiller/word-llama-l2-supercat/resolve/main/l2_supercat_tokenizer_config.json,,,,https://huggingface.co/dleemiller/word-llama-l2-supercat
huggingface-dwzhu-e5-base-4k,https://huggingface.co/dwzhu/e5-base-4k,https://huggingface.co/dwzhu/e5-base-4k,sentence-similarity,,,https://huggingface.co/dwzhu/e5-base-4k
huggingface-E3-JSI-gliner-multi-pii-domains-v1,https://huggingface.co/E3-JSI/gliner-multi-pii-domains-v1,https://huggingface.co/E3-JSI/gliner-multi-pii-domains-v1,token-classification,,,https://huggingface.co/E3-JSI/gliner-multi-pii-domains-v1
huggingface-electra-small-discriminator,,,,,,
huggingface-EleutherAi-pythia-12b,https://huggingface.co/eleutherai/pythia-12B,https://huggingface.co/eleutherai/pythia-12B,text-generation,,,https://huggingface.co/eleutherai/pythia-12B
huggingface-FacebookAI-xlm-roberta-large,,,,,,
huggingface-FacebookAI-xlm-roberta-large,https://huggingface.co/FacebookAI/xlm-roberta-large,https://huggingface.co/FacebookAI/xlm-roberta-large,fill-mask,,,https://huggingface.co/FacebookAI/xlm-roberta-large
huggingface-FacebookAI-xlm-roberta-large-finetuned-conll03-english,https://huggingface.co/FacebookAI/xlm-roberta-large-finetuned-conll03-english,https://huggingface.co/FacebookAI/xlm-roberta-large-finetuned-conll03-english,token-classification,,,https://huggingface.co/FacebookAI/xlm-roberta-large-finetuned-conll03-english
huggingface-facebook-m2m100_418M,,,,,,
huggingface-facebook-mbart-large-50,,,,,,
huggingface-facebook-wav2vec2-large-960h-lv60-self,https://huggingface.co/facebook/wav2vec2-large-960h-lv60-self,https://huggingface.co/facebook/wav2vec2-large-960h-lv60-self,automatic-speech-recognition,,,https://huggingface.co/facebook/wav2vec2-large-960h-lv60-self
huggingface-falcon-40b-instruct,,,,,,
huggingface-falcon-7b-instruct,,,,,,
huggingface-FinBERT,,,,,,
huggingface-FinGPT-fingpt-mt_llama2-7b_lora,https://huggingface.co/FinGPT/fingpt-mt_llama2-7b_lora,https://huggingface.co/FinGPT/fingpt-mt_llama2-7b_lora,,,,https://huggingface.co/FinGPT/fingpt-mt_llama2-7b_lora
huggingface-flan-t5-small,,,,,,
huggingface-geotrend-bert-base-10lang-cased,https://huggingface.co/geotrend/bert-base-10lang-cased,https://huggingface.co/geotrend/bert-base-10lang-cased,fill-mask,,,https://huggingface.co/geotrend/bert-base-10lang-cased
huggingface-geotrend-bert-base-15lang-cased,https://huggingface.co/geotrend/bert-base-15lang-cased,https://huggingface.co/geotrend/bert-base-15lang-cased,fill-mask,,,https://huggingface.co/geotrend/bert-base-15lang-cased
huggingface-geotrend-bert-base-25lang-cased,https://huggingface.co/geotrend/bert-base-25lang-cased,https://huggingface.co/geotrend/bert-base-25lang-cased,fill-mask,,,https://huggingface.co/geotrend/bert-base-25lang-cased
huggingface-google-bert_uncased_L-12_h-768_A-12,https://huggingface.co/google/bert_uncased_L-12_H-768_A-12,https://huggingface.co/google/bert_uncased_L-12_H-768_A-12,,,,https://huggingface.co/google/bert_uncased_L-12_H-768_A-12
huggingface-google-bert-bert-base-uncased,https://huggingface.co/google-bert/bert-base-uncased,https://huggingface.co/google-bert/bert-base-uncased,fill-mask,,,https://huggingface.co/google-bert/bert-base-uncased
huggingface-google-flan-t5-base,,,,,,
huggingface-google-flan-t5-large,,,,,,
huggingface-google-flan-t5-xl,,,,,,
huggingface-google-flan-t5-xxl,,,,,,
huggingface-google-gemma-2-27B-it,https://huggingface.co/google/gemma-2-27b-it,https://huggingface.co/google/gemma-2-27b-it,text-generation,,,https://huggingface.co/google/gemma-2-27b-it
huggingface-google-gemma-2-9B-it,https://huggingface.co/google/gemma-2-9b-it,https://huggingface.co/google/gemma-2-9b-it,text-generation,,,https://huggingface.co/google/gemma-2-9b-it
huggingface-google-gemma-2b,,,,,,
huggingface-google-gemma-2b-it,,,,,,
huggingface-google-gemma-3-12b-it,https://huggingface.co/google/gemma-3-12b-it,https://huggingface.co/google/gemma-3-12b-it,,,,https://huggingface.co/google/gemma-3-12b-it
huggingface-google-gemma-3-27b-it,https://huggingface.co/google/gemma-3-27b-it,https://huggingface.co/google/gemma-3-27b-it,,,,https://huggingface.co/google/gemma-3-27b-it
huggingface-google-gemma-3-4b-it,https://huggingface.co/google/gemma-3-4b-it,https://huggingface.co/google/gemma-3-4b-it,,,,https://huggingface.co/google/gemma-3-4b-it
huggingface-google-gemma-7b,,,,,,
huggingface-google-gemma-7b-it,,,,,,
huggingface-google-long-t5-local-base,https://huggingface.co/google/long-t5-local-base,https://huggingface.co/google/long-t5-local-base,,,,https://huggingface.co/google/long-t5-local-base
huggingface-google-long-t5-local-large,https://huggingface.co/google/long-t5-local-large,https://huggingface.co/google/long-t5-local-large,,,,https://huggingface.co/google/long-t5-local-large
huggingface-google-long-t5-local-large uknown,,,,,,
huggingface-google-long-t5-tglobal-base,https://huggingface.co/google/long-t5-tglobal-base,https://huggingface.co/google/long-t5-tglobal-base,,,,https://huggingface.co/google/long-t5-tglobal-base
huggingface-google-long-t5-tglobal-large,https://huggingface.co/google/long-t5-tglobal-large,https://huggingface.co/google/long-t5-tglobal-large,,,,https://huggingface.co/google/long-t5-tglobal-large
huggingface-gpt2tokenizer,,,,,,
huggingface-gritlm-gritlm-7b,https://huggingface.co/GritLM/GritLM-7B,https://huggingface.co/GritLM/GritLM-7B,text-generation,,,https://huggingface.co/GritLM/GritLM-7B
huggingface-Helsinki-NLP-opus-mt-en-es,,,,,,
huggingface-hkunlp-instructor-base,https://huggingface.co/hkunlp/instructor-base,https://huggingface.co/hkunlp/instructor-base,sentence-similarity,,,https://huggingface.co/hkunlp/instructor-base
huggingface-hkunlp-instructor-large,https://huggingface.co/hkunlp/instructor-large,https://huggingface.co/hkunlp/instructor-large,sentence-similarity,,,https://huggingface.co/hkunlp/instructor-large
huggingface-hkunlp-instructor-xl,https://huggingface.co/hkunlp/instructor-xl,https://huggingface.co/hkunlp/instructor-xl,sentence-similarity,,,https://huggingface.co/hkunlp/instructor-xl
huggingface-Hum-Works-lodestone-base-4096-v1,https://huggingface.co/Hum-Works/lodestone-base-4096-v1,https://huggingface.co/Hum-Works/lodestone-base-4096-v1,sentence-similarity,,,https://huggingface.co/Hum-Works/lodestone-base-4096-v1
huggingface-infgrad-stella-base-en-v2,https://huggingface.co/infgrad/stella-base-en-v2,https://huggingface.co/infgrad/stella-base-en-v2,feature-extraction,,,https://huggingface.co/infgrad/stella-base-en-v2
huggingface-intfloat-e5-base,https://huggingface.co/intfloat/e5-base,https://huggingface.co/intfloat/e5-base,sentence-similarity,,,https://huggingface.co/intfloat/e5-base
huggingface-intfloat-e5-base-v2,https://huggingface.co/intfloat/e5-base-v2,https://huggingface.co/intfloat/e5-base-v2,sentence-similarity,,,https://huggingface.co/intfloat/e5-base-v2
huggingface-intfloat-e5-large,https://huggingface.co/intfloat/e5-large,https://huggingface.co/intfloat/e5-large,sentence-similarity,,,https://huggingface.co/intfloat/e5-large
huggingface-intfloat-e5-large-v2,https://huggingface.co/intfloat/e5-large-v2,https://huggingface.co/intfloat/e5-large-v2,sentence-similarity,,,https://huggingface.co/intfloat/e5-large-v2
huggingface-intfloat-e5-mistral-7b-instruct,https://huggingface.co/intfloat/e5-mistral-7b-instruct,https://huggingface.co/intfloat/e5-mistral-7b-instruct,feature-extraction,,,https://huggingface.co/intfloat/e5-mistral-7b-instruct
huggingface-intfloat-e5-small,https://huggingface.co/intfloat/e5-small,https://huggingface.co/intfloat/e5-small,sentence-similarity,,,https://huggingface.co/intfloat/e5-small
huggingface-intfloat-e5-small-v2,https://huggingface.co/intfloat/e5-small-v2,https://huggingface.co/intfloat/e5-small-v2,sentence-similarity,,,https://huggingface.co/intfloat/e5-small-v2
huggingface-intfloat-multilingual-e5-base,https://huggingface.co/intfloat/multilingual-e5-base,https://huggingface.co/intfloat/multilingual-e5-base,sentence-similarity,,,https://huggingface.co/intfloat/multilingual-e5-base
huggingface-intfloat-multilingual-e5-large,https://huggingface.co/intfloat/multilingual-e5-large,https://huggingface.co/intfloat/multilingual-e5-large,feature-extraction,,,https://huggingface.co/intfloat/multilingual-e5-large
huggingface-intfloat-multilingual-e5-large-instruct,https://huggingface.co/intfloat/multilingual-e5-large-instruct,https://huggingface.co/intfloat/multilingual-e5-large-instruct,feature-extraction,,,https://huggingface.co/intfloat/multilingual-e5-large-instruct
huggingface-intfloat-multilingual-e5-small,https://huggingface.co/intfloat/multilingual-e5-small,https://huggingface.co/intfloat/multilingual-e5-small,sentence-similarity,,,https://huggingface.co/intfloat/multilingual-e5-small
huggingface-jamesgpt1-sf_model_e5,https://huggingface.co/jamesgpt1/sf_model_e5,https://huggingface.co/jamesgpt1/sf_model_e5,feature-extraction,,,https://huggingface.co/jamesgpt1/sf_model_e5
huggingface-jinaai-jina-embedding-b-en-v1,https://huggingface.co/jinaai/jina-embedding-b-en-v1,https://huggingface.co/jinaai/jina-embedding-b-en-v1,sentence-similarity,,,https://huggingface.co/jinaai/jina-embedding-b-en-v1
huggingface-jinaai-jina-embedding-l-en-v1,https://huggingface.co/jinaai/jina-embedding-l-en-v1,https://huggingface.co/jinaai/jina-embedding-l-en-v1,sentence-similarity,,,https://huggingface.co/jinaai/jina-embedding-l-en-v1
huggingface-jinaai-jina-embedding-s-en-v1,https://huggingface.co/jinaai/jina-embedding-s-en-v1,https://huggingface.co/jinaai/jina-embedding-s-en-v1,sentence-similarity,,,https://huggingface.co/jinaai/jina-embedding-s-en-v1
huggingface-jinaai-jina-embeddings-v2-base-en,https://huggingface.co/jinaai/jina-embeddings-v2-base-en,https://huggingface.co/jinaai/jina-embeddings-v2-base-en,feature-extraction,,,https://huggingface.co/jinaai/jina-embeddings-v2-base-en
huggingface-jinaai-jina-embeddings-v2-small-en,https://huggingface.co/jinaai/jina-embeddings-v2-small-en,https://huggingface.co/jinaai/jina-embeddings-v2-small-en,feature-extraction,,,https://huggingface.co/jinaai/jina-embeddings-v2-small-en
huggingface-keremberke-yolov8m-table-extraction,https://huggingface.co/keremberke/yolov8m-table-extraction,https://huggingface.co/keremberke/yolov8m-table-extraction,object-detection,,,https://huggingface.co/keremberke/yolov8m-table-extraction
huggingface-knowledgator-gliner-multitask-v1.0,https://huggingface.co/knowledgator/gliner-multitask-v1.0,https://huggingface.co/knowledgator/gliner-multitask-v1.0,token-classification,,,https://huggingface.co/knowledgator/gliner-multitask-v1.0
huggingface-Labib11-MUG-B-1.6,https://huggingface.co/labib11/MUG-B-1.6,https://huggingface.co/labib11/MUG-B-1.6,sentence-similarity,,,https://huggingface.co/labib11/MUG-B-1.6
huggingface-LargeWorldModel-LWM-Text-Chat-1M,,,,,,
huggingface-llamaindex-vdr-2b-multi-v1,https://huggingface.co/llamaindex/vdr-2b-multi-v1,https://huggingface.co/llamaindex/vdr-2b-multi-v1,image-to-text,,,https://huggingface.co/llamaindex/vdr-2b-multi-v1
huggingface-llmrails-ember-v1,,,,,,
huggingface-LoneStriker-Mistral-7B-Instruct-v0.2-6.0bpw-h6-exl2-2,,,,,,
huggingface-mcgill-nlp-llm2vec-meta-llama-3-8b-instruct-mntp-supervised,https://huggingface.co/McGill-NLP/LLM2Vec-Meta-Llama-3-8B-Instruct-mntp-supervised,https://huggingface.co/McGill-NLP/LLM2Vec-Meta-Llama-3-8B-Instruct-mntp-supervised,sentence-similarity,,,https://huggingface.co/McGill-NLP/LLM2Vec-Meta-Llama-3-8B-Instruct-mntp-supervised
huggingface-meta-llama-codellama-13b-Instruct-hf,https://huggingface.co/meta-llama/CodeLlama-13b-Instruct-hf,https://huggingface.co/meta-llama/CodeLlama-13b-Instruct-hf,text-generation,,,https://huggingface.co/meta-llama/CodeLlama-13b-Instruct-hf
huggingface-meta-llama-codellama-13b-Python-hf,https://huggingface.co/meta-llama/CodeLlama-13b-Python-hf,https://huggingface.co/meta-llama/CodeLlama-13b-Python-hf,text-generation,,,https://huggingface.co/meta-llama/CodeLlama-13b-Python-hf
huggingface-meta-llama-codellama-34b-Instruct-hf,https://huggingface.co/meta-llama/CodeLlama-34b-Instruct-hf,https://huggingface.co/meta-llama/CodeLlama-34b-Instruct-hf,text-generation,,,https://huggingface.co/meta-llama/CodeLlama-34b-Instruct-hf
huggingface-meta-llama-codellama-34b-Python-hf,https://huggingface.co/meta-llama/CodeLlama-34b-Python-hf,https://huggingface.co/meta-llama/CodeLlama-34b-Python-hf,text-generation,,,https://huggingface.co/meta-llama/CodeLlama-34b-Python-hf
huggingface-meta-llama-codellama-70b-Instruct-hf,https://huggingface.co/meta-llama/CodeLlama-70b-Instruct-hf,https://huggingface.co/meta-llama/CodeLlama-70b-Instruct-hf,text-generation,,,https://huggingface.co/meta-llama/CodeLlama-70b-Instruct-hf
huggingface-meta-llama-codellama-70b-Python-hf,https://huggingface.co/meta-llama/CodeLlama-70b-Python-hf,https://huggingface.co/meta-llama/CodeLlama-70b-Python-hf,text-generation,,,https://huggingface.co/meta-llama/CodeLlama-70b-Python-hf
huggingface-meta-llama-codellama-7b-Python-hf,https://huggingface.co/meta-llama/CodeLlama-7b-Python-hf,https://huggingface.co/meta-llama/CodeLlama-7b-Python-hf,text-generation,,,https://huggingface.co/meta-llama/CodeLlama-7b-Python-hf
huggingface-meta-llama-llama-2-13b,,,,,,
huggingface-meta-llama-llama-2-13b-chat-hf,,,,,,
huggingface-meta-llama-llama-2-13b-hf,,,,,,
huggingface-meta-llama-Llama-2-70b,,,,,,
huggingface-meta-llama-llama-2-70b-chat-hf,,,,,,
huggingface-meta-llama-llama-2-7b,,,,,,
huggingface-meta-llama-llama-2-7b-chat-hf,,,,,,
huggingface-meta-llama-llama-2-7b-hf,https://huggingface.co/meta-llama/Llama-2-70b-hf,https://huggingface.co/meta-llama/Llama-2-70b-hf,text-generation,,,https://huggingface.co/meta-llama/Llama-2-70b-hf
huggingface-meta-llama-llama-3.1-8B,https://huggingface.co/meta-llama/llama-3.1-8B,https://huggingface.co/meta-llama/llama-3.1-8B,text-generation,,,https://huggingface.co/meta-llama/llama-3.1-8B
huggingface-meta-llama-llama-3.2-11B-Vision,https://huggingface.co/meta-llama/Llama-3.2-11B-Vision,https://huggingface.co/meta-llama/Llama-3.2-11B-Vision,image-text-to-text,,,https://huggingface.co/meta-llama/Llama-3.2-11B-Vision
huggingface-meta-llama-llama-3.2-11B-Vision-Instruct,https://huggingface.co/meta-llama/Llama-3.2-11B-Vision-Instruct,https://huggingface.co/meta-llama/Llama-3.2-11B-Vision-Instruct,image-text-to-text,,,https://huggingface.co/meta-llama/Llama-3.2-11B-Vision-Instruct
huggingface-meta-llama-llama-3.2-1B-Instruct,https://huggingface.co/meta-llama/Llama-3.2-1B-Instruct,https://huggingface.co/meta-llama/Llama-3.2-1B-Instruct,text-generation,,,https://huggingface.co/meta-llama/Llama-3.2-1B-Instruct
huggingface-meta-llama-llama-3.2-3B-Instruct,https://huggingface.co/meta-llama/Llama-3.2-3B-Instruct,https://huggingface.co/meta-llama/Llama-3.2-3B-Instruct,text-generation,,,https://huggingface.co/meta-llama/Llama-3.2-3B-Instruct
huggingface-meta-llama-llama-3.2-90B-Vision-Instruct,,,,,,
huggingface-meta-llama-Llama-3.3-70B-Instruct,https://huggingface.co/meta-llama/Llama-3.3-70B-Instruct,https://huggingface.co/meta-llama/Llama-3.3-70B-Instruct,text-generation,,,https://huggingface.co/meta-llama/Llama-3.3-70B-Instruct
huggingface-meta-llama-meta-llama-3.1-405B-Instruct,https://huggingface.co/meta-llama/Meta-Llama-3.1-405B-Instruct,https://huggingface.co/meta-llama/Meta-Llama-3.1-405B-Instruct,text-generation,,,https://huggingface.co/meta-llama/Meta-Llama-3.1-405B-Instruct
huggingface-meta-llama-meta-llama-3.1-70B-Instruct,https://huggingface.co/meta-llama/Meta-Llama-3.1-70B-Instruct,https://huggingface.co/meta-llama/Meta-Llama-3.1-70B-Instruct,text-generation,,,https://huggingface.co/meta-llama/Meta-Llama-3.1-70B-Instruct
huggingface-meta-llama-meta-llama-3.1-8B-Instruct,https://huggingface.co/meta-llama/Meta-Llama-3.1-8B-Instruct,https://huggingface.co/meta-llama/Meta-Llama-3.1-8B-Instruct,text-generation,,,https://huggingface.co/meta-llama/Meta-Llama-3.1-8B-Instruct
huggingface-meta-llama-Meta-Llama-3-70B,https://huggingface.co/meta-llama/Meta-Llama-3-70B,https://huggingface.co/meta-llama/Meta-Llama-3-70B,text-generation,,,https://huggingface.co/meta-llama/Meta-Llama-3-70B
huggingface-meta-llama-Meta-Llama-3-70B-Instruct,https://huggingface.co/meta-llama/Meta-Llama-3-70B-Instruct,https://huggingface.co/meta-llama/Meta-Llama-3-70B-Instruct,text-generation,,,https://huggingface.co/meta-llama/Meta-Llama-3-70B-Instruct
huggingface-meta-llama-Meta-Llama-3-8B,https://huggingface.co/meta-llama/Meta-Llama-3-8B,https://huggingface.co/meta-llama/Meta-Llama-3-8B,text-generation,,,https://huggingface.co/meta-llama/Meta-Llama-3-8B
huggingface-meta-llama-Meta-Llama-3-8B-Instruct,https://huggingface.co/meta-llama/Meta-Llama-3-8B-Instruct,https://huggingface.co/meta-llama/Meta-Llama-3-8B-Instruct,text-generation,,,https://huggingface.co/meta-llama/Meta-Llama-3-8B-Instruct
huggingface-meta-llama-Meta-Llama-Guard-2-8B,https://huggingface.co/meta-llama/Meta-Llama-Guard-2-8B,https://huggingface.co/meta-llama/Meta-Llama-Guard-2-8B,text-generation,,,https://huggingface.co/meta-llama/Meta-Llama-Guard-2-8B
huggingface-microsoft-mdeberta-v3-base,https://huggingface.co/microsoft/mdeberta-v3-base,https://huggingface.co/microsoft/mdeberta-v3-base,fill-mask,,,https://huggingface.co/microsoft/mdeberta-v3-base
huggingface-microsoft-phi-3.5-MoE-Instruct,https://huggingface.co/microsoft/Phi-3.5-MoE-instruct,https://huggingface.co/microsoft/Phi-3.5-MoE-instruct,,,,https://huggingface.co/microsoft/Phi-3.5-MoE-instruct
huggingface-microsoft-Phi-3.5-vision-instruct,https://huggingface.co/microsoft/Phi-3.5-vision-instruct,https://huggingface.co/microsoft/Phi-3.5-vision-instruct,,,,https://huggingface.co/microsoft/Phi-3.5-vision-instruct
huggingface-microsoft-Phi-3-mini-128k-instruct,,,,,,
huggingface-microsoft-Phi-3-vision-128k-instruct,https://huggingface.co/microsoft/Phi-3-vision-128k-instruct,https://huggingface.co/microsoft/Phi-3-vision-128k-instruct,,,,https://huggingface.co/microsoft/Phi-3-vision-128k-instruct
huggingface-microsoft-Phi-3-vision-128k-instruct-onnx-cpu,https://huggingface.co/microsoft/Phi-3-vision-128k-instruct-onnx-cpu,https://huggingface.co/microsoft/Phi-3-vision-128k-instruct-onnx-cpu,text-generation,,,https://huggingface.co/microsoft/Phi-3-vision-128k-instruct-onnx-cpu
huggingface-microsoft-table-transformer-detection,https://huggingface.co/microsoft/table-transformer-detection,https://huggingface.co/microsoft/table-transformer-detection,object-detection,,,https://huggingface.co/microsoft/table-transformer-detection
huggingface-microsoft-trocr-base-handwritten,,,,,,
huggingface-microsoft-trocr-base-printed,,,,,,
huggingface-microsoft-trocr-large-handwritten,,,,,,
huggingface-microsoft-trocr-large-printed,,,,,,
huggingface-microsoft-trocr-small-handwritten,,,,,,
huggingface-microsoft-trocr-small-printed,,,,,,
huggingface-mihaiii-Bulbasaur,https://huggingface.co/mihaiii/Bulbasaur,https://huggingface.co/mihaiii/Bulbasaur,sentence-similarity,,,https://huggingface.co/mihaiii/Bulbasaur
huggingface-mihaiii-Ivysaur,https://huggingface.co/mihaiii/Ivysaur,https://huggingface.co/mihaiii/Ivysaur,sentence-similarity,,,https://huggingface.co/mihaiii/Ivysaur
huggingface-mihaiii-Squirtle,https://huggingface.co/mihaiii/Squirtle,https://huggingface.co/mihaiii/Squirtle,sentence-similarity,,,https://huggingface.co/mihaiii/Squirtle
huggingface-mihaiii-Venusaur,https://huggingface.co/mihaiii/Venusaur,https://huggingface.co/mihaiii/Venusaur,sentence-similarity,,,https://huggingface.co/mihaiii/Venusaur
huggingface-mihaii-Ivysaur,,,,,,
huggingface-mihaiii-Wartortle,https://huggingface.co/mihaiii/Wartortle,https://huggingface.co/mihaiii/Wartortle,sentence-similarity,,,https://huggingface.co/mihaiii/Wartortle
huggingface-mihaii-Squirtle,,,,,,
huggingface-mihaii-Venusaur,,,,,,
huggingface-mihaii-Wartortle,,,,,,
huggingface-mistralai-Codestral-22B-v0.1,https://huggingface.co/mistralai/Codestral-22B-v0.1,https://huggingface.co/mistralai/Codestral-22B-v0.1,,,,https://huggingface.co/mistralai/Codestral-22B-v0.1
huggingface-mistralai-Mistral-7B-Instruct-v0.2 apache-2,,,,,,
huggingface-mistralai-Mistral-7B-Instruct-v0.3,https://huggingface.co/mistralai/Mistral-7B-Instruct-v0.3,https://huggingface.co/mistralai/Mistral-7B-Instruct-v0.3,,,,https://huggingface.co/mistralai/Mistral-7B-Instruct-v0.3
huggingface-mistralai-Mistral-7B-v0.1,,,,,,
huggingface-mistralai-Mistral-7B-v0.3,https://huggingface.co/mistralai/Mistral-7B-v0.3,https://huggingface.co/mistralai/Mistral-7B-v0.3,,,,https://huggingface.co/mistralai/Mistral-7B-v0.3
huggingface-mistralai-mistral-large-instruct-2411,https://huggingface.co/mistralai/Mistral-Large-Instruct-2411,https://huggingface.co/mistralai/Mistral-Large-Instruct-2411,,,,https://huggingface.co/mistralai/Mistral-Large-Instruct-2411
huggingface-mistralai-mistral-small-24B-instruct-2501,https://huggingface.co/mistralai/Mistral-Small-24B-Instruct-2501,https://huggingface.co/mistralai/Mistral-Small-24B-Instruct-2501,,,,https://huggingface.co/mistralai/Mistral-Small-24B-Instruct-2501
huggingface-mistralai-Mixtral-8x22B-Instruct-v0.1,https://huggingface.co/mistralai/Mixtral-8x22B-Instruct-v0.1,https://huggingface.co/mistralai/Mixtral-8x22B-Instruct-v0.1,,,,https://huggingface.co/mistralai/Mixtral-8x22B-Instruct-v0.1
huggingface-mistralai-Mixtral-8x22B-v0.1,https://huggingface.co/mistralai/Mixtral-8x22B-v0.1,https://huggingface.co/mistralai/Mixtral-8x22B-v0.1,,,,https://huggingface.co/mistralai/Mixtral-8x22B-v0.1
huggingface-mistralai-mixtral-8x7B-V0.1,,,,,,
huggingface-mistralai-mixtral-Instruct-v0.1,,,,,,
huggingface-mistralai-Pixtral-12B-2409,https://huggingface.co/mistralai/Pixtral-12B-2409,https://huggingface.co/mistralai/Pixtral-12B-2409,,,,https://huggingface.co/mistralai/Pixtral-12B-2409
huggingface-mixedbread-ai-mxbai-embed-2d-large-v1,https://huggingface.co/mixedbread-ai/mxbai-embed-2d-large-v1,https://huggingface.co/mixedbread-ai/mxbai-embed-2d-large-v1,feature-extraction,,,https://huggingface.co/mixedbread-ai/mxbai-embed-2d-large-v1
huggingface-mixedbread-ai-mxbai-embed-large-v1,https://huggingface.co/mixedbread-ai/mxbai-embed-large-v1,https://huggingface.co/mixedbread-ai/mxbai-embed-large-v1,feature-extraction,,,https://huggingface.co/mixedbread-ai/mxbai-embed-large-v1
huggingface-mosaicml-mpt-7b,https://huggingface.co/mosaicml/mpt-7b,https://huggingface.co/mosaicml/mpt-7b,text-generation,,,https://huggingface.co/mosaicml/mpt-7b
huggingface-Muennighoff-SGPT-1.3B-weightedmean-msmarco-specb-bitfit,https://huggingface.co/Muennighoff/SGPT-1.3B-weightedmean-msmarco-specb-bitfit,https://huggingface.co/Muennighoff/SGPT-1.3B-weightedmean-msmarco-specb-bitfit,feature-extraction,,,https://huggingface.co/Muennighoff/SGPT-1.3B-weightedmean-msmarco-specb-bitfit
huggingface-Muennighoff-SGPT-125M-weightedmean-msmarco-specb-bitfit,https://huggingface.co/Muennighoff/SGPT-125M-weightedmean-msmarco-specb-bitfit,https://huggingface.co/Muennighoff/SGPT-125M-weightedmean-msmarco-specb-bitfit,sentence-similarity,,,https://huggingface.co/Muennighoff/SGPT-125M-weightedmean-msmarco-specb-bitfit
huggingface-Muennighoff-SGPT-125M-weightedmean-nli-bitfit,https://huggingface.co/Muennighoff/SGPT-125M-weightedmean-nli-bitfit,https://huggingface.co/Muennighoff/SGPT-125M-weightedmean-nli-bitfit,sentence-similarity,,,https://huggingface.co/Muennighoff/SGPT-125M-weightedmean-nli-bitfit
huggingface-Muennighoff-SGPT-2.7B-weightedmean-msmarco-specb-bitfit,https://huggingface.co/Muennighoff/SGPT-2.7B-weightedmean-msmarco-specb-bitfit,https://huggingface.co/Muennighoff/SGPT-2.7B-weightedmean-msmarco-specb-bitfit,sentence-similarity,,,https://huggingface.co/Muennighoff/SGPT-2.7B-weightedmean-msmarco-specb-bitfit
huggingface-Muennighoff-SGPT-5.8B-weightedmean-msmarco-specb-bitfit,https://huggingface.co/Muennighoff/SGPT-5.8B-weightedmean-msmarco-specb-bitfit,https://huggingface.co/Muennighoff/SGPT-5.8B-weightedmean-msmarco-specb-bitfit,sentence-similarity,,,https://huggingface.co/Muennighoff/SGPT-5.8B-weightedmean-msmarco-specb-bitfit
huggingface-Muennighoff-SGPT-5.8B-weightedmean-nli-bitfit,https://huggingface.co/Muennighoff/SGPT-5.8B-weightedmean-nli-bitfit,https://huggingface.co/Muennighoff/SGPT-5.8B-weightedmean-nli-bitfit,sentence-similarity,,,https://huggingface.co/Muennighoff/SGPT-5.8B-weightedmean-nli-bitfit
huggingface-naver-clova-ix-donut-base,https://huggingface.co/naver-clova-ix/donut-base,https://huggingface.co/naver-clova-ix/donut-base,image-to-text,,,https://huggingface.co/naver-clova-ix/donut-base
huggingface-nltk_data,,,,,,
huggingface-nomic-ai-nomic-bert-2048,https://huggingface.co/nomic-ai/nomic-bert-2048,https://huggingface.co/nomic-ai/nomic-bert-2048,,,,https://huggingface.co/nomic-ai/nomic-bert-2048
huggingface-nomic-ai-nomic-embed-text-v1,https://huggingface.co/nomic-ai/nomic-embed-text-v1,https://huggingface.co/nomic-ai/nomic-embed-text-v1,,,,https://huggingface.co/nomic-ai/nomic-embed-text-v1
huggingface-nomic-ai-nomic-embed-text-v1.5,https://huggingface.co/nomic-embed-text-v1.5,https://huggingface.co/nomic-embed-text-v1.5,,,,https://huggingface.co/nomic-embed-text-v1.5
huggingface-nomic-ai-nomic-embed-text-v1-ablated,https://huggingface.co/nomic-ai/nomic-embed-text-v1-ablated,https://huggingface.co/nomic-ai/nomic-embed-text-v1-ablated,,,,https://huggingface.co/nomic-ai/nomic-embed-text-v1-ablated
huggingface-nomic-ai-nomic-embed-text-v1-unsupervised,https://huggingface.co/nomic-ai/nomic-embed-text-v1-unsupervised,https://huggingface.co/nomic-ai/nomic-embed-text-v1-unsupervised,,,,https://huggingface.co/nomic-ai/nomic-embed-text-v1-unsupervised
huggingface-nthakur-contriever-base-msmarco,https://huggingface.co/contriever-base-msmarco,https://huggingface.co/contriever-base-msmarco,,,,https://huggingface.co/contriever-base-msmarco
huggingface-nvidia-canary-1b-flash,https://huggingface.co/nvidia/canary-1b-flash,https://huggingface.co/nvidia/canary-1b-flash,automatic-speech-recognition,,,https://huggingface.co/nvidia/canary-1b-flash
huggingface-nvidia-mistral-nemo-12B-instruct,https://huggingface.co/nvidia/Mistral-NeMo-12B-Instruct,https://huggingface.co/nvidia/Mistral-NeMo-12B-Instruct,,,,https://huggingface.co/nvidia/Mistral-NeMo-12B-Instruct
huggingface-openai-whisper-large-v2,https://huggingface.co/openai/whisper-large-v2,https://huggingface.co/openai/whisper-large-v2,automatic-speech-recognition,,,https://huggingface.co/openai/whisper-large-v2
huggingface-opus-mt-mul-en,,,,,,
huggingface-paraphrase-distilroberta-base-v1,,,,,,
huggingface-pegasus-large,,,,,,
huggingface-pegasustokenizer,,,,,,
huggingface-pegasus-xsum,,,,,,
huggingface-prometheus-eval-prometheus-13b-v1.0,https://huggingface.co/prometheus-eval/prometheus-13b-v1.0,https://huggingface.co/prometheus-eval/prometheus-13b-v1.0,text-generation,,,https://huggingface.co/prometheus-eval/prometheus-13b-v1.0
huggingface-prometheus-eval-prometheus-eval-prometheus-7b-v1.0,https://huggingface.co/prometheus-eval/prometheus-7b-v1.0,https://huggingface.co/prometheus-eval/prometheus-7b-v1.0,text-generation,,,https://huggingface.co/prometheus-eval/prometheus-7b-v1.0
huggingface-prometheus-eval-prometheus-eval-prometheus-7b-v2.0,https://huggingface.co/prometheus-eval/prometheus-7b-v2.0,https://huggingface.co/prometheus-eval/prometheus-7b-v2.0,text-generation,,,https://huggingface.co/prometheus-eval/prometheus-7b-v2.0
huggingface-prometheus-eval-prometheus-eval-prometheus-8x7b-v2.0,https://huggingface.co/prometheus-eval/prometheus-8x7b-v2.0,https://huggingface.co/prometheus-eval/prometheus-8x7b-v2.0,text-generation,,,https://huggingface.co/prometheus-eval/prometheus-8x7b-v2.0
huggingface-prometheus-eval-prometheus-eval-prometheus-vision-13b-v1.0,https://huggingface.co/prometheus-eval/prometheus-vision-13b-v1.0,https://huggingface.co/prometheus-eval/prometheus-vision-13b-v1.0,image-to-text,,,https://huggingface.co/prometheus-eval/prometheus-vision-13b-v1.0
huggingface-prometheus-eval-prometheus-eval-prometheus-vision-7b-v1.0,https://huggingface.co/prometheus-eval/prometheus-vision-7b-v1.0,https://huggingface.co/prometheus-eval/prometheus-vision-7b-v1.0,image-to-text,,,https://huggingface.co/prometheus-eval/prometheus-vision-7b-v1.0
huggingface-pytorch-pretrained-bert,,,,,,
huggingface-question-answering-generative-t5-v1-base-s-q-c,,,,,,
huggingface-qwen-qwen2.5-7B-Instruct,https://huggingface.co/Qwen/Qwen2.5-7B-Instruct,https://huggingface.co/Qwen/Qwen2.5-7B-Instruct,,,,https://huggingface.co/Qwen/Qwen2.5-7B-Instruct
huggingface-Qwen-Qwen2-0-Qwen-Qwen2-0.5B-Instruct,https://huggingface.co/Qwen/Qwen2-0.5B-Instruct,https://huggingface.co/Qwen/Qwen2-0.5B-Instruct,text-generation,,,https://huggingface.co/Qwen/Qwen2-0.5B-Instruct
huggingface-Qwen-Qwen2-1-Qwen-Qwen2-1.5B-Instruct,https://huggingface.co/Qwen/Qwen2-1.5B-Instruct,https://huggingface.co/Qwen/Qwen2-1.5B-Instruct,text-generation,,,https://huggingface.co/Qwen/Qwen2-1.5B-Instruct
huggingface-Qwen-Qwen2-VL-72B-Instruct,https://huggingface.co/Qwen/Qwen2-VL-72B-Instruct,https://huggingface.co/Qwen/Qwen2-VL-72B-Instruct,image-text-to-text,,,https://huggingface.co/Qwen/Qwen2-VL-72B-Instruct
huggingface-qwen-qwen2-vl-7b-instruct,https://huggingface.co/Qwen/Qwen2-VL-7B-Instruct,https://huggingface.co/Qwen/Qwen2-VL-7B-Instruct,image-text-to-text,,,https://huggingface.co/Qwen/Qwen2-VL-7B-Instruct
huggingface-redhaitai-llama-3.3-70B-Instruct-quantized.w8a8,,,,,,
huggingface-redhatai-neuralmagic-llama-3.3-70B-Instruct-quantized.w8a8,https://huggingface.co/neuralmagic/Llama-3.3-70B-Instruct-quantized.w8a8,https://huggingface.co/neuralmagic/Llama-3.3-70B-Instruct-quantized.w8a8,text-generation,,,https://huggingface.co/neuralmagic/Llama-3.3-70B-Instruct-quantized.w8a8
huggingface-Roberta-finetuned-squad,,,,,,
huggingface-safetensors,,,,,,
huggingface-sentence-transformers-all-MiniLM-L12-v2,https://huggingface.co/sentence-transformers/all-MiniLM-L12-v2,https://huggingface.co/sentence-transformers/all-MiniLM-L12-v2,sentence-similarity,,,https://huggingface.co/sentence-transformers/all-MiniLM-L12-v2
huggingface-sentence-transformers-all-MiniLM-L6-v2,https://huggingface.co/sentence-transformers/all-MiniLM-L6-v2,https://huggingface.co/sentence-transformers/all-MiniLM-L6-v2,sentence-similarity,,,https://huggingface.co/sentence-transformers/all-MiniLM-L6-v2
huggingface-sentence-transformers-all-mpnet-base-v2,https://huggingface.co/sentence-transformers/all-mpnet-base-v2,https://huggingface.co/sentence-transformers/all-mpnet-base-v2,sentence-similarity,,,https://huggingface.co/sentence-transformers/all-mpnet-base-v2
huggingface-sentence-transformers-gtr-t5-base,https://huggingface.co/sentence-transformers/gtr-t5-base,https://huggingface.co/sentence-transformers/gtr-t5-base,sentence-similarity,,,https://huggingface.co/sentence-transformers/gtr-t5-base
huggingface-sentence-transformers-gtr-t5-large,https://huggingface.co/sentence-transformers/gtr-t5-large,https://huggingface.co/sentence-transformers/gtr-t5-large,sentence-similarity,,,https://huggingface.co/sentence-transformers/gtr-t5-large
huggingface-sentence-transformers-gtr-t5-xl,https://huggingface.co/sentence-transformers/gtr-t5-xl,https://huggingface.co/sentence-transformers/gtr-t5-xl,sentence-similarity,,,https://huggingface.co/sentence-transformers/gtr-t5-xl
huggingface-sentence-transformers-gtr-t5-xxl,https://huggingface.co/sentence-transformers/gtr-t5-xxl,https://huggingface.co/sentence-transformers/gtr-t5-xxl,sentence-similarity,,,https://huggingface.co/sentence-transformers/gtr-t5-xxl
huggingface-sentence-transformers-LaBSE,https://huggingface.co/sentence-transformers/LaBSE,https://huggingface.co/sentence-transformers/LaBSE,sentence-similarity,,,https://huggingface.co/sentence-transformers/LaBSE
huggingface-sentence-transformers-msmarco-bert-co-condensor,https://huggingface.co/sentence-transformers/msmarco-bert-co-condensor,https://huggingface.co/sentence-transformers/msmarco-bert-co-condensor,sentence-similarity,,,https://huggingface.co/sentence-transformers/msmarco-bert-co-condensor
huggingface-sentence-transformers-multi-qa-MiniLM-L6-cos-v1,https://huggingface.co/sentence-transformers/multi-qa-MiniLM-L6-cos-v1,https://huggingface.co/sentence-transformers/multi-qa-MiniLM-L6-cos-v1,sentence-similarity,,,https://huggingface.co/sentence-transformers/multi-qa-MiniLM-L6-cos-v1
huggingface-sentence-transformers-paraphrase-MiniLM-L6-v2,,,,,,
huggingface-sentence-transformers-sentence-t5-base,https://huggingface.co/sentence-transformers/sentence-t5-base,https://huggingface.co/sentence-transformers/sentence-t5-base,sentence-similarity,,,https://huggingface.co/sentence-transformers/sentence-t5-base
huggingface-sentence-transformers-sentence-t5-large,https://huggingface.co/sentence-transformers/sentence-t5-large,https://huggingface.co/sentence-transformers/sentence-t5-large,sentence-similarity,,,https://huggingface.co/sentence-transformers/sentence-t5-large
huggingface-sentence-transformers-sentence-t5-xl,https://huggingface.co/sentence-transformers/sentence-t5-xl,https://huggingface.co/sentence-transformers/sentence-t5-xl,sentence-similarity,,,https://huggingface.co/sentence-transformers/sentence-t5-xl
huggingface-sentence-transformers-sentence-t5-xxl,https://huggingface.co/sentence-transformers/sentence-t5-xxl,https://huggingface.co/sentence-transformers/sentence-t5-xxl,sentence-similarity,,,https://huggingface.co/sentence-transformers/sentence-t5-xxl
huggingface-snowflake-snowflake-arctic-embed-l,https://huggingface.co/snowflake/snowflake-arctic-embed-l,https://huggingface.co/snowflake/snowflake-arctic-embed-l,,,,https://huggingface.co/snowflake/snowflake-arctic-embed-l
huggingface-snowflake-snowflake-arctic-embed-m,https://huggingface.co/snowflake/snowflake-arctic-embed-m,https://huggingface.co/snowflake/snowflake-arctic-embed-m,,,,https://huggingface.co/snowflake/snowflake-arctic-embed-m
huggingface-sshleifer-distilbart-cnn-12-6,,,,,,
huggingface-swift-coreml-transformers,,,,,,
huggingface-T5-base,,,,,,
huggingface-t5tokenizer,,,,,,
huggingface-taylorai-bge-micro,https://huggingface.co/taylorai/bge-micro,https://huggingface.co/taylorai/bge-micro,sentence-similarity,,,https://huggingface.co/taylorai/bge-micro
huggingface-taylorai-bge-micro-v2,https://huggingface.co/taylorai/bge-micro-v2,https://huggingface.co/taylorai/bge-micro-v2,sentence-similarity,,,https://huggingface.co/taylorai/bge-micro-v2
huggingface-tenyx-tenyxchat-7B-v1,https://huggingface.co/tenyx/TenyxChat-7B-v1,https://huggingface.co/tenyx/TenyxChat-7B-v1,text-generation,,,https://huggingface.co/tenyx/TenyxChat-7B-v1
huggingface-thenlper-gte-base,https://huggingface.co/thenlper/gte-base,https://huggingface.co/thenlper/gte-base,sentence-similarity,,,https://huggingface.co/thenlper/gte-base
huggingface-thenlper-gte-large,https://huggingface.co/thenlper/gte-large,https://huggingface.co/thenlper/gte-large,sentence-similarity,,,https://huggingface.co/thenlper/gte-large
huggingface-thenlper-gte-small,https://huggingface.co/thenlper/gte-small,https://huggingface.co/thenlper/gte-small,sentence-similarity,,,https://huggingface.co/thenlper/gte-small
huggingface-tiiuae-falcon-40b,,,,,,
huggingface-tiiuae-falcon-7b,,,,,,
huggingface-tokenizers-bindings,,,,,,
huggingface-typeform-distilbert-base-uncased-mnli,https://huggingface.co/typeform/distilbert-base-uncased-mnli,https://huggingface.co/typeform/distilbert-base-uncased-mnli,zero-shot-classification,,,https://huggingface.co/typeform/distilbert-base-uncased-mnli
huggingface-uncased_L-24_H-1024_A-16,,,,,,
huggingface-universal-sentence-encoder_4,,,,,,
huggingface-unsloth-llama-3.3-70B-Instruct-bnb-4bit,https://huggingface.co/unsloth/Llama-3.3-70B-Instruct-bnb-4bi,https://huggingface.co/unsloth/Llama-3.3-70B-Instruct-bnb-4bi,,,,https://huggingface.co/unsloth/Llama-3.3-70B-Instruct-bnb-4bi
huggingface-urchade-gliner_large-v2.1,https://huggingface.co/urchade/gliner_large-v2.1,https://huggingface.co/urchade/gliner_large-v2.1,token-classification,,,https://huggingface.co/urchade/gliner_large-v2.1
huggingface-urchade-gliner_multi_pii-v1,https://huggingface.co/urchade/gliner_multi_pii-v1,https://huggingface.co/urchade/gliner_multi_pii-v1,token-classification,,,https://huggingface.co/urchade/gliner_multi_pii-v1
huggingface-voyageai-voyage-2,https://huggingface.co/voyageai/voyage-2,https://huggingface.co/voyageai/voyage-2,,,,https://huggingface.co/voyageai/voyage-2
huggingface-voyageai-voyage-law-2,https://huggingface.co/voyageai/voyage-law-2,https://huggingface.co/voyageai/voyage-law-2,,,,https://huggingface.co/voyageai/voyage-law-2
huggingface-voyageai-voyage-lite-01-instruct,https://huggingface.co/voyageai/voyage-lite-01-instruct,https://huggingface.co/voyageai/voyage-lite-01-instruct,,,,https://huggingface.co/voyageai/voyage-lite-01-instruct
huggingface-voyageai-voyage-lite-02-instruct,https://huggingface.co/voyageai/voyage-lite-02-instruct,https://huggingface.co/voyageai/voyage-lite-02-instruct,,,,https://huggingface.co/voyageai/voyage-lite-02-instruct
huggingface-vsevolodl-Llama-3-8B-Instruct-Gradient-1048-GGUF,https://huggingface.co/vsevolodl/Llama-3-8B-Instruct-Gradient-1048k-GGUF,https://huggingface.co/vsevolodl/Llama-3-8B-Instruct-Gradient-1048k-GGUF,text-generation,,,https://huggingface.co/vsevolodl/Llama-3-8B-Instruct-Gradient-1048k-GGUF
huggingface-w601sxs-b1ade-embed,https://huggingface.co/w601sxs/b1ade-embed,https://huggingface.co/w601sxs/b1ade-embed,feature-extraction,,,https://huggingface.co/w601sxs/b1ade-embed
huggingface-w601sxs-b1ade-embed-kd,https://huggingface.co/w601sxs/b1ade-embed-kd,https://huggingface.co/w601sxs/b1ade-embed-kd,sentence-similarity,,,https://huggingface.co/w601sxs/b1ade-embed-kd
huggingface-xenova-text-embedding-ada-002,https://huggingface.co/Xenova/text-embedding-ada-002,https://huggingface.co/Xenova/text-embedding-ada-002,,,,https://huggingface.co/Xenova/text-embedding-ada-002
huggingface-xlnet-base-cased,,,,,,
huggingface-yiyanghkust-finbert-pretrain,,,,,,
llamaaimodel-1b,https://llamaimodel.com/1b/,https://llamaimodel.com/1b/,,,,
spacy-huggingface-hub,,,,,,
huggingface-meta-llama-llama-4-Scout-17B-16E-Instruct,https://huggingface.co/meta-llama/Llama-4-Scout-17B-16E-Instruct-Original,https://huggingface.co/meta-llama/Llama-4-Scout-17B-16E-Instruct-Original,,,,https://huggingface.co/meta-llama/Llama-4-Scout-17B-16E-Instruct-Original
huggingface-meta-llama-llama-4-Maverick-17B-128E-Instruct-FP8-Original,https://huggingface.co/meta-llama/Llama-4-Maverick-17B-128E-Instruct-FP8-Original,https://huggingface.co/meta-llama/Llama-4-Maverick-17B-128E-Instruct-FP8-Original,,,,https://huggingface.co/meta-llama/Llama-4-Maverick-17B-128E-Instruct-FP8-Original
huggingface-meta-llama-llama-4-Maverick-17B-128E-Instruct-Original,https://huggingface.co/meta-llama/Llama-4-Maverick-17B-128E-Instruct-Original,https://huggingface.co/meta-llama/Llama-4-Maverick-17B-128E-Instruct-Original,,,,https://huggingface.co/meta-llama/Llama-4-Maverick-17B-128E-Instruct-Original
huggingface-meta-llama-llama-4-Maverick-17B-128E-Original,https://huggingface.co/meta-llama/Llama-4-Maverick-17B-128E-Original,https://huggingface.co/meta-llama/Llama-4-Maverick-17B-128E-Original,,,,https://huggingface.co/meta-llama/Llama-4-Maverick-17B-128E-Original
huggingface-meta-llama-llama-4-Scout-17B-16E,https://huggingface.co/meta-llama/Llama-4-Scout-17B-16E,https://huggingface.co/meta-llama/Llama-4-Scout-17B-16E,any-to-any,,,https://huggingface.co/meta-llama/Llama-4-Scout-17B-16E
huggingface-meta-llama-llama-4-Scout-17B-16E-Original,https://huggingface.co/meta-llama/Llama-4-Scout-17B-16E-Original,https://huggingface.co/meta-llama/Llama-4-Scout-17B-16E-Original,,,,https://huggingface.co/meta-llama/Llama-4-Scout-17B-16E-Original
huggingface-tals-albert-xlarge-vitaminc-mnli,https://huggingface.co/tals/albert-xlarge-vitaminc-mnli,https://huggingface.co/tals/albert-xlarge-vitaminc-mnli,text-classification,,,https://huggingface.co/tals/albert-xlarge-vitaminc-mnli
huggingface-facebookai-roberta-large-mnli,https://huggingface.co/roberta-large-mnli,https://huggingface.co/roberta-large-mnli,text-classification,,,https://huggingface.co/roberta-large-mnli
huggingface-openai-gpt-oss-120b,https://huggingface.co/openai/gpt-oss-120b,https://huggingface.co/openai/gpt-oss-120b,text-generation,,,https://huggingface.co/openai/gpt-oss-120b
huggingface-openai-gpt-oss-20b,https://huggingface.co/openai/gpt-oss-20b,https://huggingface.co/openai/gpt-oss-20b,text-generation,,,https://huggingface.co/openai/gpt-oss-20b
